FlowAndLane;File;In Raw;md5sum;status;barcode
C2L37ACXX_1;C2L37ACXX_1_20140109B_20140119.bam;Yes;2bb09b5e3ea633b2f652bc5203cfa65c;use:ok;16336:GCCAAT,16337:CTTGTA,16338:GTGAAA,16339:CGATGT
C2L37ACXX_2;C2L37ACXX_2_20140109B_20140119.bam;Yes;1c2ad93ef235a52537b2d876d76a0341;use:ok;16339:CGATGT,16340:TGACCA,16341:CAGATC,16342:CCGTCC
C2L37ACXX_3;C2L37ACXX_3_20140109B_20140119.bam;Yes;c5c812f27e1761daada8a1b0b8418ff1;use:ok;16343:ACAGTG,16344:GCCAAT,16345:CTTGTA,16346:GTGAAA
C2L37ACXX_4;C2L37ACXX_4_20140109B_20140119.bam;Yes;f26da973bdc67cc7b60184800367babc;use:ok;16347:CGATGT,16348:TGACCA,16349:CAGATC
C2L37ACXX_5;C2L37ACXX_5_20140109B_20140119.bam;Yes;fb97f7b9c5feabb617eacbdd672d848c;use:ok;16350:ACAGTG,16351:GCCAAT,16352:ATGTCA
C2L37ACXX_6;C2L37ACXX_6_20140109B_20140119.bam;Yes;2a157b7b87bc00253ffeb861d2000a71;use:ok;16353:CGATGT,16354:CAGATC,16355:GTGAAA
C3J4LACXX_5;C3J4LACXX_5_20140131B_20140203.bam;Yes;e561092711c55f84a0226d8bbd784d60;use:ok;16876:AAGGGA,16877:CCTTCA,16878:GGACCC,16879:TTCAGC,16880:AAGACG,16881:CCTCGG
C3J4LACXX_6;C3J4LACXX_6_20140131B_20140203.bam;Yes;e0722901a4788847ca27e35e8246d3c5;use:ok;16893:AAGGGA,16894:CCTTCA,16895:GGACCC,16896:TTCAGC,16897:AAGACG
C3J4LACXX_7;C3J4LACXX_7_20140131B_20140203.bam;Yes;476bbc169476a10bbe5a94510069f4b0;use:ok;16898:GGATGT,16899:TTCGCT,16900:ACACGA,16901:CACACA,16902:GTGTTA,16903:TGTGAA
C3J4LACXX_8;C3J4LACXX_8_20140131B_20140203.bam;Yes;4b53d9da5c354332c722766080db7215;use:ok;16904:GGATGT,16905:TTCGCT,16906:ACACGA,16907:CACACA,16908:GTGTTA,16909:TGTGAA
C3JF0ACXX_3;C3JF0ACXX_3_20140210B_20140213.bam;Yes;101ad687e0e587d0010b3ce6af3371bb;use:ok;17024:AAGGGA,17025:GGACCC,17026:AAGACG
C3JPCACXX_1;C3JPCACXX_1_20140131B_20140203.bam;Yes;c8ae3e3a451766fc1e2d46438415e390;use:ok;16910:GGATGT,16911:TTCGCT,16912:ACACGA,16913:CACACA,16914:GTGTTA,16915:TGTGAA
C3JPCACXX_2;C3JPCACXX_2_20140131B_20140203.bam;Yes;c2bac89eea482c7d92bf2112809675bc;use:ok;16916:GGATGT,16917:TTCGCT,16918:ACACGA,16919:CACACA,16920:GTGTTA,16921:TGTGAA
C3JPCACXX_3;C3JPCACXX_3_20140131B_20140203.bam;Yes;53c6c8def55a9e1123854b54e68eaf51;use:ok;16922:GTGTTA,16923:TGTGAA,16924:ACAAAC,16925:CACCTC,16926:GTGGCC,16927:TGTTGC
C3JPCACXX_4;C3JPCACXX_4_20140131B_20140203.bam;Yes;3d133952710680d8f065b7a558cb450f;use:ok;16928:GTGTTA,16929:TGTGAA,16930:ACAAAC,16931:CACCTC,16932:GTGGCC,16933:TGTTGC
C3JPCACXX_5;C3JPCACXX_5_20140131B_20140203.bam;Yes;ba59cc7504beb9ce7598633c46a5954b;use:ok;16934:GTGTTA,16935:TGTGAA,16936:ACAAAC
C3JPCACXX_6;C3JPCACXX_6_20140131B_20140203.bam;Yes;054f054b3c86bdbce52d0d569cbd8325;use:ok;16937:GTGTTA,16938:TGTGAA,16939:ACAAAC,16940:CACCTC
C3N3NACXX_3;C3N3NACXX_3_20140215B_20140225.bam;Yes;b5793e9ac0fc1022898b97d52a3a00bb;use:ok;16806:CGATGT,16807:TGACCA,16808:CAGATC,16809:CCGTCC
C3N3NACXX_4;C3N3NACXX_4_20140215B_20140225.bam;Yes;d6900c2187d39f4d5cf692e9de525b93;use:ok;16832:ACAGTG,16833:GCCAAT,16834:ATGTCA
C3N3NACXX_5;C3N3NACXX_5_20140215B_20140225.bam;Yes;adbc9d9c367d2c8b7324ce17a08fab59;use:ok;16835:CGATGT,16836:TGACCA,16837:CAGATC,16838:CCGTCC
C3N3NACXX_6;C3N3NACXX_6_20140215B_20140225.bam;Yes;915520b99f7064bc8d858d85d6c4dba3;use:ok;16839:ACAGTG,16840:GCCAAT,16841:ATGTCA
C3N3NACXX_7;C3N3NACXX_7_20140215B_20140225.bam;Yes;3e5db69199a981c9b1ef02f258829f0d;use:ok;16842:CGATGT,16843:TGACCA,16844:CAGATC,16845:CCGTCC
C3N3NACXX_8;C3N3NACXX_8_20140215B_20140225.bam;Yes;69d7b5d4dd8d0b2c2d0537f348d51997;use:ok;16846:ACAGTG,16847:GCCAAT,16848:ATGTCA
C41MNACXX_2;C41MNACXX_2_20140423B_20140503.bam;Yes;67167afcde63567501080346f2078500;use:ok;18698:ACAGTG,18699:GCCAAT,18700:CTTGTA,18701:GTGAAA
C41MNACXX_3;C41MNACXX_3_20140423B_20140503.bam;Yes;b37eb68456cee4af90b4f88671c68ce0;use:ok;18702:CGATGT,18703:TGACCA,18704:CAGATC,18705:CCGTCC
C41MNACXX_4;C41MNACXX_4_20140423B_20140503.bam;Yes;46bbb50b24eddd6b8b88fa883c872ac4;use:ok;18706:ACAGTG,18707:GCCAAT,18708:CTTGTA,18709:GTGAAA
C497YACXX_7;C497YACXX_7_20140424B_20140426.bam ;Yes;58dc74f0040bbaaca171933f692cc563;use:ok;19020:AAGGGA,19021:CCTTCA,19022:GGACCC,19023:TTCAGC,19024:AAGACG,19025:CCTCGG
C497YACXX_8;C497YACXX_8_20140424B_20140426.bam;Yes;414f21f1d4f0793d98a00861bd973a1b;use:ok;19026:AAGGGA,19027:CCTTCA,19028:GGACCC,19029:TTCAGC,19030:CCTCGG
C5N3AANXX_7;C5N3AANXX_7_20141028B_20141030.bam;Yes;ccb417f5e78978329d4f53faa450aae9;use:ok;22452:CGATGT,22453:TGACCA,22454:ACAGTG,22455:GCCAAT,22456:CAGATC,22457:CTTGTA
C6DJWANXX_5;C6DJWANXX_5_20150416B_20150420.bam;Yes;9cbcf3e49af055a663a0b544d271941c;use:ok;25953:AGTTCC,25954:CCGTCC,25955:GCCAAT,25956:CTTGTA,25959:ACTGAT,25960:GTCCGC,26363:ATTCCT,26364:ATGTCA,26365:TAAGGCGATATCCTCT,26483:CGTACTAGTATCCTCT
C6DYRANXX_2;C6DYRANXX_2_20150218B_20150224.bam;Yes;f3d225c3ba4343226751a090a195372a;use:ok;23955:ACTGAT,23956:GTCCGC,23957:AGTCAA,23958:GTTTCG,23959:TAGCTT,23960:ATCACG,23961:CAGATC,23962:CGATGT
C6KF5ANXX_5;C6KF5ANXX_5_20150123B_20150128.bam;Yes;b0504be0e825b02c1a0e701edaa444aa;use:ok;24187:TAAGGCGATATCCTCT,24188:CGTACTAGTATCCTCT,24189:AGGCAGAATATCCTCT,24190:TCCTGAGCTATCCTCT,24191:TAAGGCGAAGAGTAGA,24192:CGTACTAGAGAGTAGA,24193:AGGCAGAAAGAGTAGA,24194:TCCTGAGCAGAGTAGA
C757CANXX_7;C757CANXX_7_20150731B_20150803.bam;Yes;baed3fb133ba77cd38b9623f347b11a4;use:ok;28855:CGATGT,28856:TTAGGC,28857:TGACCA,28858:ACAGTG,28859:CAGATC,28860:ACTTGA,28861:GATCAG,28862:TAGCTT,29844:TAAGGCGACTCTCTAT,29845:CGTACTAGCTCTCTAT,29846:AGGCAGAACTCTCTAT
C75J2ANXX_3;C75J2ANXX_3_20150827B_20150907.bam;No;aee87bf2a36e95365475277e17df0fd3;use:ok;29844:TAAGGCGACTCTCTAT,29845:CGTACTAGCTCTCTAT,29846:AGGCAGAACTCTCTAT
C7TY9ANXX_3;C7TY9ANXX_3_20150723B_20150725.bam;Yes;fdf4d2c0b9528daa475d1a85a402a9bd;use:ok;29112:AAGGGA,29113:CCTTCA,29114:GGACCC,29115:TTCAGC,29116:GGATGT,29117:TTCGCT,29128:AAGACG,29129:CCTCGG
C7TY9ANXX_4;C7TY9ANXX_4_20150723B_20150725.bam;Yes;002e94f45ec228924709db5f9a4674b6;use:ok;29118:AAGGGA,29119:CCTTCA,29120:AAGACG,29121:CCTCGG,29122:GGATGT,29123:TTCGCT,29124:GGACCC,29127:TTCAGC
C7U2HANXX_7;C7U2HANXX_7_20151203B_20151210.bam;No;ba7af0ddc263e7cea9cc183f430ce02d;use:ok;29944:GAGTGG,29945:TGACCA,29946:ACTGAT,29947:GTCCGC
C80UEANXX_1;C80UEANXX_1_20151106B_20151108.bam;Yes;49a10f0cbef65bce50acfa8f64ebebd2;use:ok;29115:TTCAGC,32186:GAGTGG,32187:GATCAG,32188:TTAGGC,32189:ATTCCT,32190:GGCTAC,32191:GTGGCC,32192:CTTGTA,32193:GTCCGC,32194:GTTTCG,32195:CAGATC,32196:CCGTCC,32197:GCCAAT,32198:TGACCA,32199:ACTTGA,32200:GTGAAA,32201:ACTGAT,32202:CGTACG,32203:AGTTCC
C80UEANXX_8;C80UEANXX_8_20151106B_20151108.bam;Yes;7b8e0c04ac4a17e0402c31bb870716fe;use:ok;32725:GATCAG,32726:CGATGT,32727:GTGAAA,32729:ACAGTG,32747:AGTCAA,32748:GTTTCG,32749:CTTGTA,32750:ATCACG,32751:CAGATC,32753:GTGGCC,32754:CCGTCC,32755:ATTCCT,32756:ATGTCA,32821:TTAGGC,32822:TGACCA,32823:TAGCTT
C81J5ANXX_5;C81J5ANXX_5_20151023B_20151025.bam;Yes;9b5f6ffa8df7fd42bd6bd3a8a8b8327e;use:ok;32649:CGATGT,32693:TGACCA,32694:CAGATC,32695:CCGTCC,32708:CTTGTA,32709:AGTCAA,32710:GTCCGC
C81J5ANXX_6;C81J5ANXX_6_20151023B_20151025.bam;Yes;7279deb18f1fe609cd25278926bc72ef;use:ok;32699:ACAGTG,32700:GCCAAT,32701:CTTGTA,32702:AGTCAA,32703:AGTTCC,32704:ATGTCA,32705:GTGAAA
C88VWANXX_8;C88VWANXX_8_20151215B_20151216.bam;Yes;586df99e32863726b19a30d720a34807;dontuse;32733:TAGCTT,32734:AGTTCC,32735:ATCACG,32736:CAGATC,32737:CGATGT,32757:GTGGCC,32758:ATTCCT,32759:ATGTCA,34116:GTTTCG,34117:GATCAG,34118:AGTCAA,34119:GTGAAA,34120:ACTTGA
C8902ANXX_1;C8902ANXX_1_20151207B_20151209.bam;Yes;ec4f9ad916f889d8ad402ba2a6aa58de;dontuse;32733:TAGCTT,32734:AGTTCC,32735:ATCACG,32736:CAGATC,32737:CGATGT,32757:GTGGCC,32758:ATTCCT,32759:ATGTCA,34116:GTTTCG,34117:GATCAG,34118:AGTCAA,34119:GTGAAA,34120:ACTTGA
C890GANXX_2;C890GANXX_2_20151231B_20160102.bam;Yes;a24566e5664693cf2f309a63043cd136;use:ok;32733:TAGCTT,32734:AGTTCC,32735:ATCACG,32736:CAGATC,32737:CGATGT,32757:GTGGCC,32758:ATTCCT,32759:ATGTCA,34116:GTTTCG,34117:GATCAG,34118:AGTCAA,34119:GTGAAA,34120:ACTTGA
D2GAJACXX_3;D2GAJACXX_3_20131003B_20131005.bam ;Yes;1f4774467c5355647ba713cd9e28075a;use:ok;15351:AAGGGA,15352:CCTTCA,15353:GGACCC,15354:TTCAGC,15355:AAGACG,15356:CCTCGG,15357:GGATGT,15358:TTCGCT,15359:ACACGA,15360:CACACA,15361:GTGTTA,15362:TGTGAA
H5MHJBCXX_1;H5MHJBCXX_1_20151105B_20151106.bam;Yes;d72cea205385a04365ec895e58314713 ;use:ok;32301:GAGTGG,32302:TGACCA,32303:ACTGAT,32304:GTCCGC,32305:AGTCAA,32306:GTTTCG,32307:TAGCTT,32308:ATCACG
H5MHJBCXX_2;H5MHJBCXX_2_20151105B_20151106.bam;Yes;907a53d15c760b5fb2857b47cc3474c7;use:ok;32309:CGTACG,32310:ATGTCA,32311:CGATGT,32312:GTGAAA,32313:ATTCCT,32314:CAGATC,32315:GATCAG,32316:GTGGCC
HCMNCBCXX_1;HCMNCBCXX_1_20151126B_20151127.bam;Yes;bd7ee111a796775c00a018dc7ee1b27d;use:ok;32291:ACTTGA,32292:ACAGTG,32293:GGCTAC,32294:TTAGGC,32296:AGTTCC,32297:CCGTCC,32298:GCCAAT,32299:CTTGT
HCMNCBCXX_2;HCMNCBCXX_2_20151126B_20151127.bam;No;705108d626a34c33c8c8cba8c106e46d;use:ok;32291:ACTTGA,32292:ACAGTG,32293:GGCTAC,32294:TTAGGC,32296:AGTTCC,32297:CCGTCC,32298:GCCAAT,32299:CTTGTA,32301:GAGTGG,32302:TGACCA,32303:ACTGAT,32304:GTCCGC,32305:AGTCAA,32306:GTTTCG,32307:TAGCTT,32308:ATCACG,32309:CGTACG,32310:ATGTCA,32311:CGATGT,32312:GTGAAA,32313:ATTCCT,32314:CAGATC,32315:GATCAG,32316:GTGGCC